angry,fear,happy,neutral,sad,surprise,pred_label,label
0.00046573815,0.028949205,0.007228979,0.38675168,0.5540568,0.022547523,sad,surprise
0.5692929,0.00026262298,0.37131748,0.056846853,0.00017577647,0.00210436,angry,angry
0.9985695,0.001125024,0.00013439577,8.15566e-05,8.535219e-06,8.0991726e-05,angry,angry
0.013970162,0.0007805895,0.008346772,0.00046842158,0.00017023271,0.97626376,surprise,angry
0.0023987552,0.0010719338,0.0042073377,0.0571858,0.93444604,0.0006901856,sad,sad
0.0012593314,0.00015707886,0.0010771047,0.9961914,0.0008939613,0.00042110033,neutral,surprise
0.9993405,0.00021424287,0.00010055621,0.00022416901,1.8799088e-05,0.00010179608,angry,angry
0.9982919,0.00014153018,0.00043175012,0.0009776498,3.5582972e-05,0.00012162234,angry,angry
0.0031045752,0.028254738,0.9663104,0.00035482066,0.00028026628,0.0016951262,happy,surprise
8.4010455e-05,9.253638e-05,7.369979e-05,1.2374832e-05,0.00017226438,0.99956506,surprise,surprise
0.0002974644,0.99851567,0.0008659623,4.3691027e-05,6.6330445e-05,0.00021094311,fear,fear
5.8761827e-05,0.00065951457,8.552661e-06,0.00031923535,0.998892,6.196544e-05,sad,sad
0.00010139115,0.000119942764,0.9995222,0.0001700645,3.2426004e-05,5.3968895e-05,happy,happy
0.00047691495,0.09001549,0.009993826,0.00024595505,0.030996181,0.8682717,surprise,surprise
0.00016322924,0.0002724165,7.168692e-05,0.0016933787,0.997692,0.00010724465,sad,sad
0.9958117,5.4829085e-05,0.0011611033,0.0022964545,0.00021309033,0.00046282765,angry,angry
0.00067524106,0.025705123,0.9648626,0.0001112021,0.006624646,0.0020211334,happy,angry
0.0013654268,0.002986358,0.0004233091,0.0017194581,0.99338865,0.0001167343,sad,fear
0.00046890278,3.345884e-05,0.000111590634,0.9989975,0.00027634966,0.00011219911,neutral,neutral
0.104470804,0.1393438,0.43917364,0.0008073757,0.04534627,0.2708581,happy,happy
0.0064086695,0.9892847,0.0016960745,0.0014675152,0.00065484695,0.00048819516,fear,fear
0.99968004,0.00016528498,4.9962622e-05,4.580737e-05,8.723768e-06,5.025997e-05,angry,angry
0.005363196,0.99147826,0.0012991232,0.00011594108,0.0001879309,0.0015555469,fear,fear
0.00036140528,0.00077489216,0.07307642,0.00021270613,0.0014171776,0.9241574,surprise,surprise
0.00035937308,4.5476238e-05,0.0002734232,0.9978993,0.0013390087,8.3449595e-05,neutral,neutral
0.0032983853,0.0006793289,0.022518544,0.00050057506,0.0005113967,0.97249174,surprise,happy
0.00020342667,0.11028343,0.00011696659,0.00029963127,0.88781846,0.0012781165,sad,sad
0.0001037587,0.9915759,0.0014208986,4.1613956e-05,0.002249183,0.0046086796,fear,surprise
0.9995722,0.00022987211,8.567301e-05,6.6462024e-05,9.931919e-06,3.58401e-05,angry,angry
0.21133187,0.0018609088,0.780119,0.0017605015,8.875503e-05,0.004839002,happy,happy
9.929138e-05,0.00031132254,0.9993519,8.974481e-05,5.7672587e-05,9.004212e-05,happy,happy
8.5193584e-05,0.06713013,0.010932754,0.0007816931,0.92073554,0.00033465584,sad,sad
0.0005525565,0.02953537,0.49540508,0.00089001795,0.47086462,0.0027523527,happy,happy
0.00041947747,0.7437579,0.22539374,0.0205435,0.008471379,0.0014140403,fear,sad
0.0007042951,0.9751541,0.010617246,0.00015464098,0.012975477,0.0003942367,fear,fear
0.9994374,0.00042314563,2.6635691e-05,2.9402212e-05,1.0040798e-05,7.339741e-05,angry,angry
0.0962832,0.0021985169,0.7102987,0.18003057,0.007943839,0.003245156,happy,surprise
0.9992029,0.0005610148,7.364161e-05,0.00010630557,2.9977457e-05,2.6193798e-05,angry,angry
0.00053379795,0.99654996,0.0025730666,0.00010959937,7.0351205e-05,0.00016321991,fear,fear
8.9309884e-05,4.8125115e-05,0.0009864913,2.3071334e-05,0.00028986754,0.9985631,surprise,surprise
0.009284894,0.0067013847,0.8978132,0.00086696807,0.0008454472,0.08448816,happy,happy
0.32860744,0.00056348095,0.25679472,0.013177574,0.0047075297,0.39614922,surprise,surprise
0.99846554,0.0012393575,2.736685e-05,3.5569377e-05,1.831578e-05,0.00021393795,angry,angry
0.004561013,0.005195849,0.4005864,0.00014051488,0.00042414118,0.5890921,surprise,surprise
0.99952686,0.0003415341,5.0542374e-05,2.157719e-05,7.005556e-06,5.2533804e-05,angry,angry
0.0070913583,0.0002667719,0.031186992,0.9490201,0.0051910863,0.0072437436,neutral,happy
0.013415585,0.028315794,0.9559749,0.0020743273,5.3467735e-05,0.00016586714,happy,fear
0.039278008,0.0015122149,0.28248197,0.659373,0.0137901325,0.0035646623,neutral,neutral
0.99965715,0.00014114426,0.000114251554,5.365449e-05,1.0890679e-05,2.2776056e-05,angry,angry
0.001901431,0.00011709216,0.001206725,0.99383175,0.0029044724,3.849623e-05,neutral,sad
3.0262896e-05,0.010829662,0.00010403799,0.0002600914,0.98871917,5.677855e-05,sad,happy
0.00023863655,0.000741689,0.9970999,4.2583713e-05,6.4229316e-05,0.0018130417,happy,happy
0.0012109617,0.4073358,0.00888747,0.033645768,0.5484105,0.0005095938,sad,sad
0.00024017334,0.00056739023,6.981855e-05,6.0905764e-05,0.0004924067,0.99856925,surprise,surprise
0.00047631934,0.40677676,0.002789908,0.006778449,0.58246887,0.00070976996,sad,sad
0.00013708106,0.0008783313,0.99855846,0.000103310434,7.379807e-05,0.00024906496,happy,happy
0.0006853518,0.71006435,0.2591841,0.0002416802,0.0020092363,0.027815279,fear,fear
0.019751102,0.9757278,0.0012450415,0.0012354096,0.0012644129,0.00077622646,fear,fear
0.030178709,0.002165212,0.9615258,0.00083092856,0.00016649839,0.0051328978,happy,happy
0.9997496,0.00013113667,4.144923e-05,3.1627576e-05,1.1083788e-05,3.5083267e-05,angry,angry
0.0012546837,0.0004422547,0.00065558095,0.0027538412,0.00046030522,0.99443334,surprise,surprise
1.5566826e-05,0.0016248123,5.1522155e-05,9.574291e-05,0.99817085,4.154452e-05,sad,sad
0.0002115079,0.00021304098,0.00041941437,0.0009181909,0.9812113,0.017026497,sad,sad
0.25438964,0.0012842694,0.38077185,0.35456172,0.005090081,0.0039024104,happy,neutral
0.9992405,0.00052829477,0.00010721706,3.95117e-05,5.669581e-06,7.8808866e-05,angry,angry
0.001790694,0.99709296,0.00024906115,0.000101619364,0.0003096369,0.00045598918,fear,fear
4.3839984e-05,0.0018409323,2.1735528e-05,0.00047372974,0.9975419,7.785959e-05,sad,sad
2.1370095e-05,0.008011667,9.6852455e-05,9.106893e-05,0.99170625,7.28152e-05,sad,sad
0.9921646,0.0026986036,0.000436861,0.0036765537,0.0008775328,0.00014578785,angry,angry
0.00048288485,0.014704808,0.0020180044,0.00018626709,0.92794746,0.054660577,sad,sad
9.224687e-05,0.023920858,0.00701546,0.00027299047,0.9684904,0.00020799614,sad,sad
0.9995009,0.00035831906,6.833081e-05,3.1690226e-05,6.3084117e-06,3.453899e-05,angry,angry
0.0001888686,0.0008107024,0.0001085854,0.011303028,0.98734915,0.0002396081,sad,sad
0.0005450803,0.062420588,0.01885494,0.0008402576,0.91639256,0.0009465506,sad,sad
9.82266e-05,0.0001426967,7.23732e-05,5.2003732e-05,0.0002823827,0.9993524,surprise,surprise
0.00040196715,0.009685898,0.0013749694,0.0001768125,0.0032007068,0.9851597,surprise,surprise
0.0001973432,0.0003772499,0.023441238,0.00011805902,0.00041824812,0.9754479,surprise,happy
0.9486576,0.04884011,0.001626033,0.00051635463,0.00014495998,0.00021500923,angry,fear
0.13351102,0.7889159,0.02614077,0.0011441531,0.049375802,0.0009123293,fear,fear
0.0006812394,0.55444384,0.3684966,0.00020670498,0.044836942,0.03133466,fear,fear
0.0015391908,0.9698473,0.005286036,0.0005112866,0.0054286863,0.017387582,fear,angry
0.7883755,0.001936463,0.12836218,0.011768614,0.0015489369,0.06800831,angry,angry
0.0012208993,0.0002666815,0.0032204508,0.99343514,0.0018324297,2.438035e-05,neutral,neutral
0.089863315,0.22451606,0.026820393,0.6302885,0.017236544,0.011275173,neutral,neutral
0.00021018765,0.0040463316,0.0024281242,0.012754916,0.9802649,0.00029557454,sad,neutral
0.00017107464,0.00029292368,8.926897e-05,2.024115e-05,0.000105507555,0.999321,surprise,surprise
0.013391621,0.007253246,0.9768812,0.0018049016,6.569524e-05,0.0006032454,happy,angry
0.09767882,0.005089417,0.009545042,0.00050497166,0.0003416008,0.88684016,surprise,surprise
0.0009289093,0.00013223165,0.00011165082,0.9983559,0.0003664524,0.000104840736,neutral,angry
0.00028554167,0.00018938168,5.36522e-05,2.4815872e-05,0.00016954755,0.99927706,surprise,surprise
0.0003075458,0.18054186,0.0026931292,0.00020810335,0.42023182,0.3960175,sad,sad
0.0025609024,0.8671899,0.12633185,0.0018640729,0.00021488857,0.0018383838,fear,surprise
6.2483574e-05,0.00015406539,8.1373335e-05,1.42078015e-05,0.0001655081,0.9995223,surprise,surprise
0.0009977331,0.0036875643,0.0033004417,0.10932788,0.0031848785,0.8795015,surprise,surprise
0.998002,0.00028939458,0.0011723946,0.00022210288,1.609996e-05,0.00029806202,angry,angry
0.13186578,0.032702807,0.0012586848,0.0015486745,0.039610714,0.7930133,surprise,surprise
0.033440843,0.014940381,0.9114317,0.0005052824,0.0002926592,0.03938917,happy,happy
0.0011359373,0.023646822,0.96414167,0.000525858,8.400511e-05,0.010465768,happy,fear
0.004577448,0.7400122,0.017597523,0.0025995236,0.23317462,0.0020386,fear,fear
0.00090402825,0.98751473,0.00025138576,0.00029053885,0.01022632,0.0008129704,fear,fear
0.00011785075,0.99448156,0.004979984,3.3097527e-05,0.0002342131,0.00015333213,fear,fear
0.0007368872,0.0005216057,0.00013269138,0.007524332,0.9908694,0.000215116,sad,sad
0.0016461643,0.00011954824,0.00023678613,7.51605e-05,0.00011991364,0.99780244,surprise,surprise
0.0064221006,0.009406437,0.03256987,0.005486768,0.94549954,0.0006152679,sad,happy
1.7728542e-05,0.00059055147,5.32937e-05,0.00019721707,0.9991055,3.5601784e-05,sad,sad
0.0074473806,0.10545811,0.872867,0.00059377024,0.00044790987,0.013185807,happy,sad
0.00058948336,0.01821269,6.2227e-05,9.075926e-05,0.019645395,0.96139944,surprise,surprise
0.92622215,0.000290581,0.07078978,0.0018448922,0.00013592851,0.00071658776,angry,angry
0.013059018,0.2672386,0.62400454,0.026160564,0.0010164749,0.06852075,happy,neutral
0.00036491794,0.0007302484,3.674997e-05,0.0037633781,0.9949537,0.00015097708,sad,happy
0.00018266839,0.9135071,0.0016196863,7.315315e-05,0.004211701,0.080405645,fear,surprise
0.0010752847,0.08378797,0.0007104833,0.05194456,0.8614966,0.0009851223,sad,neutral
3.77234e-05,0.9989022,0.00027455363,2.0829899e-05,0.00035913728,0.00040552783,fear,fear
0.00016605832,0.024680767,0.014218447,0.000544289,0.9593522,0.0010382883,sad,sad
0.0002026976,0.998168,0.0014155662,2.441962e-05,8.9959816e-05,9.938365e-05,fear,fear
0.032117292,9.075123e-05,0.0032341166,0.96342987,0.0004998387,0.0006281099,neutral,neutral
0.00037077177,0.00026368996,0.99422544,9.2291506e-05,0.00023922324,0.0048085577,happy,happy
0.0058951853,0.00038212954,0.00023639634,0.93797314,0.0551906,0.0003224933,neutral,sad
0.99951065,0.0003645178,4.1699746e-05,3.8126687e-05,9.214595e-06,3.5874516e-05,angry,angry
0.1871593,0.376018,0.4320631,0.0014451033,9.145903e-05,0.003223052,happy,happy
8.207582e-05,0.9985241,0.00037384548,3.2650743e-05,0.0004847986,0.0005025265,fear,fear
0.0003248332,0.0008176199,0.00023943592,0.04551081,0.9524104,0.000696876,sad,surprise
0.002389393,0.00023479079,0.00038534394,0.955124,0.032458764,0.009407628,neutral,neutral
0.00020198523,0.99359715,0.00014698031,0.0003768472,0.00023936293,0.0054376055,fear,fear
0.0003615602,0.7754555,0.0025027557,0.0022624834,0.21262595,0.006791821,fear,happy
0.00015465164,0.9988871,0.00034729784,5.9273378e-05,0.00015824573,0.0003933935,fear,fear
0.008072812,0.05329027,0.010189101,0.91775274,0.009688797,0.001006246,neutral,neutral
0.00011210144,0.9919276,0.00091561745,6.234787e-05,0.006730861,0.0002515302,fear,sad
1.19762835e-05,0.00040432392,2.2706497e-05,7.665907e-05,0.9994529,3.1409254e-05,sad,sad
0.00016245134,0.9885372,0.009168174,0.00012933396,0.0013847847,0.00061796414,fear,fear
0.004942651,0.0053394376,0.37033436,0.000235893,0.00041088005,0.6187368,surprise,surprise
0.0008725354,0.0011661041,0.006307171,0.00027892404,0.9715219,0.019853346,sad,sad
0.0008346843,0.020023951,0.0074690655,0.0008970352,0.94630533,0.024469916,sad,sad
0.0004924804,0.46873283,0.003260007,0.0009538481,0.062349774,0.46421108,fear,fear
0.006102522,0.0025895517,0.98958254,0.0012250997,0.00032958126,0.0001707733,happy,happy
0.004393548,0.0007845795,0.0026987894,0.8399888,0.15084319,0.0012911631,neutral,sad
0.00823803,0.0004140418,0.98919123,0.00056245114,0.00013142877,0.0014627114,happy,happy
0.0008902856,0.9212282,0.0010895152,0.000113374066,0.0028639138,0.07381479,fear,fear
0.00903675,0.00089973304,0.0033714275,0.98033845,0.00620886,0.00014472607,neutral,neutral
0.028549617,0.00053473626,0.901709,0.0028452165,0.0012711255,0.065090254,happy,surprise
0.23486023,0.021810181,0.717608,0.0041027437,7.2009374e-05,0.021546854,happy,happy
0.00035346835,0.01406399,0.0012099498,0.8402675,0.14364147,0.00046367192,neutral,sad
0.0031551404,0.99151236,0.0042284457,6.986187e-05,8.3284234e-05,0.0009509807,fear,fear
3.995782e-05,0.003870495,6.709581e-05,0.0012299727,0.99460286,0.00018958942,sad,fear
0.00020758781,0.0013626574,0.004531273,0.03904226,0.47642565,0.4784306,surprise,surprise
0.00035610588,5.2557636e-05,0.00010798298,0.99361306,0.0057828566,8.7437526e-05,neutral,neutral
8.684528e-05,0.00034420574,9.271066e-05,0.0016227528,0.9977412,0.00011227409,sad,sad
0.60031974,0.027029619,0.0027011838,0.3226131,0.046731863,0.0006045986,angry,angry
4.450645e-05,0.0013752426,0.0011928807,2.7377431e-05,0.001044847,0.9963152,surprise,surprise
0.99761873,0.0008443413,0.0003774128,0.0001497246,3.470317e-05,0.00097491505,angry,angry
0.9991186,0.00043891906,0.00022481882,0.00018188143,1.6852731e-05,1.8869663e-05,angry,angry
0.00014088412,0.0006156321,0.0017475944,1.8338891e-05,0.00028520316,0.99719244,surprise,fear
0.0008712445,0.004095611,0.0019648839,0.91727936,0.0734146,0.0023741643,neutral,neutral
3.1498814e-05,0.011136341,0.0023554813,0.000806197,0.9850786,0.000592005,sad,sad
0.00078126177,0.0008637716,0.0023676949,0.24313332,0.7523887,0.00046522295,sad,sad
0.0040825224,0.99368685,0.0017606373,0.00013349741,0.00018588483,0.00015059629,fear,fear
5.57682e-05,0.00026915956,0.00011236827,0.0037755333,0.9938904,0.0018967219,sad,sad
0.03568289,0.20594826,0.73599124,0.0029814497,0.01861882,0.00077724666,happy,happy
0.00042931866,0.00031540077,0.0011736902,0.058901943,0.9386277,0.00055193674,sad,sad
0.00013542574,0.9947792,0.00016825357,0.00012830354,0.0040916805,0.0006970403,fear,fear
0.000111770685,0.99856645,0.00026205604,5.185511e-05,0.00042439555,0.0005835512,fear,fear
5.894899e-05,8.8143206e-05,0.00031021764,1.0242685e-05,0.00016724839,0.99936515,surprise,surprise
0.00042135143,0.93522906,0.06361031,0.0002362241,0.00015337628,0.0003496304,fear,fear
0.00041282628,0.9787145,0.0083830245,0.003492992,0.0014012225,0.0075953878,fear,fear
0.016154764,0.0016162732,0.00085776445,0.00016535663,0.00042509905,0.9807808,surprise,surprise
0.0004827514,0.0003698739,0.00018374519,0.000120828816,0.00789343,0.99094933,surprise,surprise
0.000251607,0.0048443675,0.99437135,0.00034297205,5.885244e-05,0.00013083908,happy,happy
6.637719e-05,0.9989365,0.00063880306,4.2769694e-05,0.00016645058,0.00014916848,fear,fear
0.00040118198,0.009172429,0.0007926309,0.0012187781,0.9878917,0.00052330183,sad,sad
0.001252955,0.0010291297,0.0018842502,9.4526506e-05,0.00012505888,0.99561405,surprise,surprise
0.99932075,0.00028813595,0.0002091535,9.150372e-05,2.001155e-05,7.037995e-05,angry,angry
0.0012730719,0.0039176443,0.0034473052,5.28831e-05,0.00038420002,0.99092495,surprise,surprise
6.86862e-05,0.0010591589,4.6913105e-05,0.0009208589,0.99785185,5.262388e-05,sad,sad
0.9985732,6.238246e-05,0.0009948029,0.000302004,1.8562901e-05,4.9028436e-05,angry,angry
0.006624928,0.012784933,0.0049659014,0.28704068,0.4680244,0.22055924,sad,surprise
0.00023474601,0.005815383,0.00086357497,1.4678441e-05,0.00051795447,0.99255353,surprise,surprise
0.00015114242,0.00028968812,0.0003212196,0.0009416585,0.968204,0.030092213,sad,happy
0.0028851295,0.000604189,0.00096152,0.56788063,0.4265803,0.0010882593,neutral,neutral
0.00084475736,0.98358583,0.009291211,0.0046102465,0.001305615,0.00036232494,fear,fear
0.0009314953,0.00029772462,0.00018697685,0.98472863,0.0136697125,0.00018545809,neutral,neutral
5.3796164e-05,0.9987262,0.00092278665,2.2232245e-05,8.496141e-05,0.00018989597,fear,happy
7.6109085e-05,0.99906605,0.0004222925,3.4973255e-05,0.0002546583,0.00014587262,fear,fear
0.000140358,0.00012296357,7.615021e-05,2.0651554e-05,9.695777e-05,0.99954295,surprise,surprise
8.9227724e-05,0.9986305,0.00035266948,2.1688767e-05,0.00030827645,0.0005977112,fear,fear
6.601044e-05,0.0005166207,0.99915767,9.231105e-05,4.478142e-05,0.0001227084,happy,happy
0.002499475,0.002503639,0.0002025859,0.15236622,0.84185416,0.00057390163,sad,neutral
3.4531895e-05,0.9988306,0.00047868412,1.9860925e-05,0.00024606954,0.0003902534,fear,fear
0.0004812147,0.00022016974,0.9985165,9.7452765e-05,8.0900194e-05,0.0006038315,happy,happy
0.00054748973,0.29003763,0.00018708636,0.0002653445,0.70758235,0.0013800437,sad,sad
0.0012968872,0.00017336692,0.00017302502,4.502655e-05,0.0002222997,0.9980894,surprise,surprise
0.0008719488,0.00063869957,0.00017302224,0.9731231,0.024887923,0.00030526044,neutral,neutral
0.02878739,0.0038000839,0.96494627,0.0017913327,0.00028649118,0.00038833576,happy,happy
0.9977202,0.00041596103,0.0009992747,0.00013481925,4.5277597e-05,0.00068444404,angry,angry
3.1125808e-05,0.00013093713,0.000109835055,1.0792344e-05,0.00022287368,0.9994943,surprise,surprise
0.0030103966,0.002224924,0.00034319566,0.9797157,0.0071377624,0.0075680898,neutral,neutral
9.478409e-05,0.00048514878,4.8956368e-05,0.00028622098,0.99903,5.4875556e-05,sad,sad
0.038716275,0.000101834354,0.010221605,0.94208336,0.0077855336,0.0010914344,neutral,surprise
0.00028259953,0.9815213,0.00518094,0.00046668362,0.009985586,0.002562838,fear,fear
0.00024000721,0.99794894,0.00019787901,8.381106e-05,0.0013558074,0.00017349567,fear,fear
0.00020943962,0.00016693842,0.00018310818,0.006169834,0.99300075,0.00026989647,sad,sad
0.011207762,0.9346574,0.04911461,0.0004277657,0.0016489024,0.0029436226,fear,fear
0.00028936096,0.49170494,0.30474186,0.0059136073,0.19429748,0.0030527888,fear,fear
0.002471423,0.00020099302,0.00015775369,0.99644715,0.00065740896,6.532448e-05,neutral,neutral
0.99969566,0.0001682368,6.105546e-05,3.8584578e-05,8.437446e-06,2.8122538e-05,angry,angry
0.9997099,0.00017456179,3.329442e-05,3.861421e-05,1.4326048e-05,2.9240804e-05,angry,angry
0.0010786698,0.37752727,0.022396035,0.0045419564,0.014960031,0.5794961,surprise,fear
6.203924e-05,0.0006509082,0.99909115,7.806602e-05,3.636471e-05,8.140427e-05,happy,happy
0.0009867961,0.0001513905,0.00020232666,0.9796165,0.015791394,0.003251586,neutral,neutral
0.9993357,0.0004955383,8.272104e-05,4.236375e-05,9.540507e-06,3.418888e-05,angry,angry
0.00020594703,3.4624412e-05,0.0012601361,7.7077166e-05,0.00010246984,0.9983197,surprise,surprise
0.0056992816,0.70833766,0.0006054773,0.20728965,0.07759341,0.00047459014,fear,neutral
0.0008610315,0.001234424,0.99759704,0.00016183859,4.1659583e-05,0.00010405003,happy,happy
0.00059276994,0.9591918,0.034819826,6.1722756e-05,0.000288337,0.005045488,fear,fear
0.9990996,0.0006157478,0.00015019286,7.731458e-05,1.3199079e-05,4.3933705e-05,angry,angry
0.00048578042,0.98026246,0.018254692,0.0004060067,0.00016359246,0.00042746903,fear,fear
0.00014784213,0.0012976244,0.9947989,0.0013703337,0.0022612924,0.00012404179,happy,happy
0.00019222226,0.0004109062,0.9990246,0.0001642882,8.51467e-05,0.00012277925,happy,happy
0.60218835,0.17168754,0.07347856,0.009602454,0.0062827636,0.13676037,angry,angry
0.0036529962,0.5408934,0.44930243,0.00018130077,0.0018725747,0.0040973388,fear,fear
0.023076389,0.9752295,0.00035281098,0.00023186814,0.00068551244,0.00042406254,fear,fear
0.00014471343,0.9979406,0.00016606862,9.4877694e-05,0.00021726296,0.0014364205,fear,fear
0.00013408002,0.00063457375,0.9989643,0.00018124355,2.3536748e-05,6.2165076e-05,happy,happy
0.00019664374,0.003450779,0.0011500326,4.5317604e-05,0.0006972072,0.9944601,surprise,surprise
0.009086959,0.008617648,0.0011743002,0.05830574,0.64988685,0.27292848,sad,sad
0.00050893315,0.0010689057,0.00050405535,0.0007153256,0.03005224,0.9671505,surprise,surprise
0.19217402,0.003032554,0.29466322,0.002693233,0.0012044905,0.5062325,surprise,angry
0.0026004764,0.00013860493,0.0006101258,0.9804596,0.01583778,0.00035353255,neutral,neutral
0.026135277,0.7016739,0.2703015,0.0008726865,0.00027546438,0.0007411832,fear,fear
0.00015244822,0.0001174765,0.9993729,7.054989e-05,0.00016979796,0.00011686704,happy,happy
0.7560237,0.002383951,0.0044054375,0.09953821,0.13641421,0.0012344507,angry,angry
0.00014336442,0.9936609,0.002682072,8.931224e-05,0.0033208565,0.000103442886,fear,fear
0.00059592974,0.01497046,0.9784,0.0014816411,0.0011696817,0.0033823224,happy,happy
0.0024135038,0.9959275,0.0013310616,9.1009875e-05,0.00012601954,0.00011086706,fear,fear
0.00048928754,8.729812e-05,4.5820034e-05,0.99906033,0.0002701319,4.715182e-05,neutral,neutral
0.0018152881,0.00031995095,0.0014741623,6.77845e-05,0.00013830676,0.9961844,surprise,surprise
3.6795394e-05,0.0016523936,0.00066415966,0.0050517786,0.9918419,0.00075294974,sad,sad
0.0009149407,0.0007011957,0.9974668,0.0001400917,6.0846356e-05,0.00071607507,happy,fear
6.284146e-05,4.821793e-05,0.00017136314,1.4332373e-05,0.0001687864,0.99953437,surprise,surprise
0.9997601,0.00013314639,3.9678227e-05,3.133901e-05,9.260861e-06,2.6442189e-05,angry,angry
0.0008106298,0.05919148,0.22248527,0.0024035377,0.7144041,0.00070502557,sad,happy
0.00029259676,0.027389018,0.0010831952,0.0002888128,0.951542,0.019404324,sad,sad
0.0004270505,0.006389723,0.00055197725,0.032736525,0.9594723,0.00042234515,sad,fear
0.00027236156,8.721203e-05,0.0013476505,0.00015707045,0.0007286393,0.99740714,surprise,surprise
0.9983607,9.142262e-05,0.0009404117,0.00027729833,4.2643213e-05,0.00028746438,angry,angry
7.7034536e-05,0.9959984,0.0028292802,4.4626373e-05,0.00084375526,0.0002069614,fear,fear
0.014612553,0.015069498,0.029524205,0.93787163,0.0023710686,0.00055099797,neutral,angry
0.007036542,0.00064249005,0.0008199576,0.00024729164,0.00029362013,0.9909601,surprise,angry
0.00024193546,0.00016199757,0.0001557847,0.99908376,0.000333039,2.358592e-05,neutral,neutral
0.0018936342,0.00019606638,0.00039839876,0.870936,0.12622763,0.00034836272,neutral,neutral
0.00023845078,4.1716743e-05,3.6730205e-05,0.9994118,0.0002506222,2.0696672e-05,neutral,neutral
0.00010227725,7.95738e-05,9.370839e-05,1.5865497e-05,0.00021286831,0.9994956,surprise,angry
0.9977475,0.0016456138,0.00032385674,0.00024085291,9.956937e-06,3.217733e-05,angry,angry
0.00039293335,0.99767643,0.0010661766,1.6706937e-05,0.0006844241,0.00016349544,fear,fear
0.0015625862,0.011050326,0.0005981722,0.0001441911,0.0015970955,0.9850476,surprise,surprise
9.0180096e-05,0.99928194,0.00032379205,2.073626e-05,8.821424e-05,0.00019520035,fear,fear
7.972402e-05,0.00021547607,0.999175,0.000111686386,4.538225e-05,0.00037266486,happy,happy
0.0013635871,0.00014129859,0.001027901,0.0005348339,0.00071590353,0.9962165,surprise,surprise
0.0017731122,0.066981815,0.0008289909,0.0022993775,0.927804,0.00031266207,sad,fear
1.7023869e-05,0.0003552533,1.266972e-05,0.00014170582,0.9994326,4.077451e-05,sad,sad
0.001192462,0.014551289,0.00016280281,0.00896137,0.97465116,0.00048091068,sad,fear
0.00022421096,0.000110351706,0.0009811708,0.01017371,0.98491377,0.0035967308,sad,sad
0.9963154,0.0013308201,0.001774646,0.00046924636,1.1798922e-05,9.803751e-05,angry,angry
4.5309767e-05,0.00016804591,0.0001493171,2.9274946e-05,0.00047794235,0.9991301,surprise,surprise
0.0033081474,0.39697298,0.5948354,0.00015618544,0.0012075556,0.0035197318,happy,fear
0.99942267,0.0004446534,5.7770365e-05,3.79283e-05,1.1423189e-05,2.5471996e-05,angry,angry
0.00012477832,0.9753798,0.000505185,0.00015583074,0.023503216,0.0003311326,fear,sad
0.0004561431,5.1334016e-05,0.0017568342,0.00027551234,0.00017326669,0.9972869,surprise,surprise
6.2983796e-05,0.9981792,0.0002690048,3.180772e-05,0.00097605924,0.00048096682,fear,fear
0.06869853,0.007846963,0.40012437,0.52235264,0.00054183294,0.00043568568,neutral,sad
9.973803e-05,0.0002578628,0.9993055,0.00024988796,4.1896852e-05,4.5215667e-05,happy,happy
0.01892584,0.0015183903,0.9626606,0.016507093,4.4612694e-05,0.00034347526,happy,happy
0.007892871,0.9517493,0.011448641,0.0069235126,0.019716224,0.002269379,fear,fear
0.0027733392,0.00014796692,0.0001881401,0.000154519,0.00039077018,0.9963452,surprise,angry
0.00017282418,0.012780097,2.7357773e-05,0.00023605376,0.98646057,0.00032313683,sad,sad
8.917168e-05,0.9989537,0.00026236573,4.0839674e-05,0.00012864647,0.0005252053,fear,fear
0.99963653,0.00014086596,0.00011530141,2.8729792e-05,1.2443743e-05,6.613472e-05,angry,angry
0.7694918,0.03678314,0.13720074,0.053091213,0.0021382058,0.0012948088,angry,angry
0.00082556676,0.00057819125,0.008249072,0.00011057306,0.00061122247,0.9896254,surprise,surprise
4.4209435e-05,0.0045956513,0.0003226629,0.00027888248,0.9946792,7.940194e-05,sad,sad
0.0072501893,0.004721713,0.918232,0.059865315,0.0064174244,0.0035132805,happy,neutral
1.0475986e-05,0.0003528306,2.2410557e-05,0.00011504638,0.9994679,3.1319036e-05,sad,sad
0.0018587987,0.001344262,0.46566883,0.006789367,0.5238252,0.0005135326,sad,happy
0.00056157925,4.3839063e-05,0.0006070119,0.9975751,0.00095713197,0.00025523503,neutral,neutral
0.0036077509,0.014594425,0.5022384,0.42229548,0.056311227,0.00095270656,happy,sad
0.0049906657,0.0009925881,0.001651388,0.0048112613,0.0005206613,0.9870335,surprise,angry
0.00031928477,0.99671316,0.0021461383,4.0393046e-05,0.0005217706,0.00025923923,fear,fear
7.887734e-05,0.9962458,0.0002536645,6.84916e-05,0.0027565947,0.00059647637,fear,fear
0.10223463,0.4759737,0.013511596,0.020748619,0.3847968,0.0027346872,fear,angry
0.00067164365,0.45320928,0.5436935,0.00039135103,0.0003930272,0.0016412165,happy,happy
0.003480953,0.2943548,0.013635398,0.00015348157,0.00086199486,0.68751335,surprise,fear
5.3508702e-05,0.0008484472,0.00046971964,0.0034722066,0.9950203,0.00013579693,sad,neutral
0.011413216,0.8055355,0.16983385,0.00025995143,0.00072410714,0.012233482,fear,happy
0.0044038645,0.0015168779,0.049005616,0.9404889,0.0044037425,0.0001810186,neutral,happy
0.024180956,0.00020959828,0.008490921,0.001031493,0.0049024564,0.9611845,surprise,surprise
0.0062850006,0.0012200325,0.9638389,0.01726508,0.0008554442,0.010535609,happy,happy
0.017448584,0.0030333856,0.88806117,0.0020154046,0.08042851,0.009012893,happy,happy
0.00046335728,0.99084806,0.007633051,9.789111e-05,0.00015416613,0.0008034074,fear,fear
0.004559979,0.9942984,0.000346161,0.00010433014,0.00042909794,0.0002620282,fear,fear
0.00011900768,0.00085452135,0.99635315,0.0004141281,0.0005508015,0.0017083803,happy,happy
0.010770408,0.70606756,0.26968926,0.0015328918,0.0014225022,0.010517281,fear,angry
0.07918516,0.0059240763,0.9112646,0.0015987175,8.575949e-05,0.0019416315,happy,happy
0.00012977426,0.0037743133,0.00010270122,0.00066020177,0.993763,0.0015700785,sad,sad
0.016662965,0.002437285,0.08321419,0.8720486,0.024401566,0.001235395,neutral,neutral
0.0031857735,0.00044369968,0.00676809,0.98899835,0.0005749728,2.9140148e-05,neutral,neutral
2.1895099e-05,0.0060578394,0.000114755814,8.913614e-05,0.99365944,5.7029447e-05,sad,sad
0.00022765617,2.6458656e-05,0.0025893592,0.00012038837,0.00044422204,0.9965919,surprise,surprise
0.00025119982,0.037911374,8.044862e-05,0.0015454564,0.95797503,0.0022364962,sad,sad
5.153619e-05,0.9976956,0.0017029343,4.268375e-05,0.00013194977,0.00037516074,fear,fear
0.9997009,0.00020080131,3.396384e-05,2.0499923e-05,7.5028343e-06,3.6357418e-05,angry,angry
0.0002091236,0.0045135496,0.99471116,0.00038615178,7.887422e-05,0.00010117852,happy,happy
0.0033157247,0.00010787396,0.00057623215,0.00021035825,0.00020019474,0.9955896,surprise,surprise
0.9970964,0.00020022145,0.0022998033,0.00015576705,2.7083848e-05,0.0002207773,angry,angry
0.34145123,0.42948225,0.21934822,0.0072829463,0.00040859097,0.0020266708,fear,happy
0.99818915,0.0001913463,0.0007146663,0.00026446945,0.00044868866,0.00019163593,angry,angry
0.0002856669,0.0042521097,0.99495786,0.00017066022,0.000104185194,0.00022952013,happy,happy
0.0013216578,0.18908945,0.0015555953,0.0001395361,0.027575906,0.78031784,surprise,surprise
0.00080748735,0.20316839,0.013785306,0.60654557,0.17369284,0.0020004266,neutral,happy
0.011789729,0.013231232,0.6255663,0.05382323,0.25834128,0.037248254,happy,sad
0.0062343623,0.01943858,0.0041536065,0.0009987659,0.009621728,0.959553,surprise,happy
0.5321051,0.0011775284,0.0052115526,0.45791695,0.0009515807,0.0026372906,angry,happy
0.7598527,0.00035071053,0.00797312,0.0021216322,0.00045955175,0.22924228,angry,angry
0.73115605,0.06110937,0.0027919975,0.03431427,0.17014018,0.00048806507,angry,neutral
0.0002137404,0.12623188,0.86456,0.00014667874,0.0006426129,0.008205059,happy,surprise
0.54162735,0.007886887,0.3131218,0.0018846695,0.00034661486,0.13513267,angry,angry
0.9940953,0.0010969945,0.0026212486,0.00086834957,0.00074300903,0.00057508063,angry,surprise
0.0006682468,0.12034769,0.002721237,0.38202676,0.48945335,0.004782604,sad,neutral
5.4330285e-05,0.00017343214,0.00065948314,3.8816033e-05,0.0003243648,0.9987496,surprise,surprise
0.0014563375,0.00022399815,0.0019525824,0.08764147,0.8321252,0.0766005,sad,happy
0.0003789305,0.9855108,0.00014825199,0.0010283497,0.012243201,0.00069056003,fear,fear
0.0020907251,0.002510452,0.004217627,5.8882113e-05,0.006178996,0.9849433,surprise,surprise
1.1490704e-05,0.0003902341,2.5864467e-05,8.490683e-05,0.9994629,2.4633206e-05,sad,sad
0.000590986,0.9980102,0.0006803323,2.6739623e-05,0.00054675,0.0001450106,fear,fear
6.7062065e-05,0.005088201,5.60711e-05,0.0007114559,0.9939036,0.0001735961,sad,sad
0.0039734277,0.001047823,0.00066687143,0.08857015,0.90525746,0.0004843394,sad,sad
0.008521927,0.082678854,0.90656674,0.0007135947,0.0003524321,0.0011663499,happy,happy
2.6186257e-05,0.0029611106,0.0001534798,0.00013210211,0.9966904,3.672144e-05,sad,sad
0.0028199586,0.6597169,0.23677658,0.004662731,0.06802705,0.027996846,fear,fear
0.9995808,0.00015265221,0.00013944814,7.52285e-05,1.39850545e-05,3.7952253e-05,angry,angry
0.9972101,0.0014547749,0.0010566814,0.00016846634,1.3448899e-05,9.6505166e-05,angry,angry
0.000603481,0.00066372845,0.0001991401,6.4828266e-05,0.00035959782,0.9981092,surprise,surprise
0.00012598965,0.00022180409,0.00020398815,1.5572987e-05,0.00029133138,0.99914134,surprise,surprise
0.0091250595,0.0014694782,0.16361856,0.0004630485,0.00074711535,0.8245767,surprise,happy
0.00019539667,0.9943804,0.001697125,4.311841e-05,0.001862829,0.0018211775,fear,fear
0.7976323,0.031194305,0.16971937,0.0006255429,7.8079225e-05,0.0007504306,angry,angry
0.00016034782,0.00033235742,0.99474925,0.0001242808,0.0003408771,0.004292856,happy,happy
0.00078509434,0.00011720803,0.005573057,9.45663e-05,0.0001534077,0.9932766,surprise,surprise
7.226389e-05,7.173121e-05,0.00013737008,1.950817e-05,0.00011410893,0.999585,surprise,surprise
0.00043384772,0.8271384,0.00049318036,0.0012731868,0.16878656,0.0018748459,fear,fear
0.00065619114,0.16845205,0.21720994,0.00092580385,0.09397166,0.5187844,surprise,surprise
0.0019604694,0.051423464,0.92489,0.00025726276,0.0025941764,0.018874682,happy,surprise
7.04801e-05,7.812016e-05,0.0004401003,2.2482132e-05,0.00043579593,0.998953,surprise,surprise
0.00044280308,0.0015448267,0.029786529,0.72212934,0.24535707,0.00073951326,neutral,angry
0.0043691574,0.10419389,0.8815909,0.00068519264,9.271597e-05,0.009068057,happy,happy
0.009678229,0.00018709588,0.00052129,0.9890904,0.00030313883,0.00021991043,neutral,neutral
0.0001413819,0.00060546503,0.0001613836,3.1243715e-05,0.00014032701,0.9989203,surprise,surprise
0.00027631037,0.6848407,0.0006107196,0.00010053764,0.31317845,0.0009933133,fear,fear
0.00037265703,0.00045399982,3.5003395e-05,0.005461859,0.9934428,0.00023370063,sad,sad
0.000112451584,0.0016060158,0.00032771984,0.009562328,0.9882047,0.00018675177,sad,sad
0.99872416,0.0010243328,7.12584e-05,3.9749197e-05,5.481318e-06,0.00013483746,angry,angry
0.9996973,0.00020803572,3.289993e-05,1.926229e-05,8.812723e-06,3.3734905e-05,angry,angry
0.001589126,0.047923453,0.054210886,0.0054282034,0.8892991,0.0015492509,sad,sad
0.0017773694,0.004915599,0.16024387,0.00016881997,0.0017990272,0.8310954,surprise,angry
0.27409938,0.7023964,0.011753153,0.0020323708,0.0002544917,0.009464188,fear,fear
0.96273607,0.0010266999,0.02926683,0.002139149,2.8736491e-05,0.0048025125,angry,angry
3.4650056e-05,0.00046188803,0.0008575277,2.1805095e-05,0.0005420088,0.99808216,surprise,surprise
0.071102194,0.013212259,0.91419464,0.0008957578,0.0001107006,0.00048440005,happy,happy
5.2376832e-05,4.145368e-05,0.00016369391,1.0416243e-05,0.00020025542,0.99953175,surprise,surprise
0.9994604,0.00038810185,5.4900924e-05,4.6098874e-05,9.516425e-06,4.099524e-05,angry,angry
0.00033013473,0.00031652366,5.842159e-05,1.8525547e-05,0.00016246848,0.999114,surprise,surprise
0.0051483,8.20434e-05,0.0025678365,0.9894097,0.0021074577,0.00068465056,neutral,neutral
0.000163555,0.004591898,0.890102,0.00010290279,0.0008097506,0.104229905,happy,happy
0.0002144588,5.996001e-05,0.00014432232,3.2118714e-05,0.00011975459,0.9994294,surprise,surprise
0.00026855015,4.7796388e-05,0.0006358949,2.116541e-05,0.00030439105,0.99872214,surprise,surprise
0.47833025,0.025664307,0.051550142,0.0030439016,0.00034894358,0.4410624,angry,happy
0.0001469928,0.9767899,0.009117369,0.00031199554,0.006386461,0.0072472994,fear,fear
0.99962866,0.000215135,6.902375e-05,4.5110017e-05,1.0612305e-05,3.1489795e-05,angry,angry
0.00024044915,0.0002606623,0.0007144603,0.09769963,0.8899335,0.011151217,sad,sad
0.00062695524,0.1591735,0.83471435,0.00012629692,0.00092642335,0.0044324156,happy,happy
0.0021687543,0.9966271,0.00050117855,0.00011136026,9.427366e-05,0.00049732835,fear,fear
0.0005791711,0.9099627,0.00067838776,0.012701789,0.0756933,0.00038460194,fear,fear
0.0023226244,0.0014431671,0.11218242,0.7858402,0.09766786,0.00054373447,neutral,happy
0.0029266595,0.00072091183,0.007858082,0.98669934,0.0017594841,3.5580433e-05,neutral,neutral
0.0011105885,0.79821694,0.0028971296,0.0077894693,0.18936166,0.0006241925,fear,sad
0.0042734183,0.0013128271,0.98522156,0.0009993641,0.0019269576,0.0062658424,happy,sad
0.00074562785,0.0005579621,0.9967765,0.00012561106,0.0002175873,0.0015766165,happy,happy
0.9963649,0.0030841755,8.632413e-05,6.278477e-05,3.6893143e-05,0.00036495997,angry,angry
5.4754357e-05,0.9988619,0.0005346991,2.1478545e-05,0.00010985804,0.00041734925,fear,fear
0.0025700675,0.00018729003,0.00049154274,0.0025440138,0.7511759,0.24303122,sad,sad
0.056136467,0.03562387,0.8969521,0.009680474,0.0006401256,0.0009669831,happy,angry
1.1885183e-05,0.00048399603,2.2417771e-05,6.9163965e-05,0.9993979,1.4633587e-05,sad,sad
0.008521464,0.96695656,0.0024124018,0.0024467371,0.019240238,0.00042269053,fear,sad
0.0026316142,0.0016909661,0.99499434,0.0004034489,5.4799653e-05,0.00022471586,happy,happy
5.6477318e-05,0.00040744722,0.0028000046,5.684498e-05,0.0004314217,0.9962477,surprise,surprise
0.00043567782,0.9253242,0.06681349,9.882618e-05,0.0014192404,0.0059085353,fear,happy
0.9993274,0.00012017206,0.00038665184,9.916763e-05,1.0481757e-05,5.6121477e-05,angry,angry
0.0010775453,0.0008310997,0.00062543625,0.11169234,0.88535184,0.00042173552,sad,angry
3.8426868e-05,0.000121964484,0.0003490213,3.0469553e-05,0.0010580196,0.99840206,surprise,happy
0.5644473,0.0013069243,0.16151486,0.26961967,0.0002016663,0.0029096182,angry,neutral
0.09180283,0.00084275426,0.07704931,0.8293584,0.0005887521,0.00035790526,neutral,neutral
0.0001304119,0.000102094345,0.00011153881,2.2032651e-05,9.62477e-05,0.9995377,surprise,surprise
2.4340607e-05,0.00083877926,1.3696947e-05,0.00015359036,0.9989428,2.679799e-05,sad,sad
0.9209182,0.00075543334,0.07309576,0.0036195382,0.0005327081,0.00107845,angry,angry
0.9659439,0.0004130912,0.0032660945,0.00079616567,0.0003858885,0.0291949,angry,angry
5.1264647e-05,0.9843268,0.0017010187,0.00031699665,0.013091586,0.0005123637,fear,fear
1.2392439e-05,0.0003501325,3.6149915e-05,9.25211e-05,0.99948007,2.8677257e-05,sad,sad
0.0050707622,0.05402167,0.80551624,0.00019722382,0.0005498442,0.13464426,happy,angry
0.10500455,0.0017211889,0.8899834,0.0013027663,0.00024716265,0.0017407945,happy,happy
0.00023002391,0.00021553712,0.997664,0.00029723646,0.0014299172,0.00016328912,happy,happy
0.022659548,0.0025648905,0.97391605,0.0004510995,0.00017590156,0.00023241914,happy,happy
3.6234163e-05,9.592901e-05,0.00029869532,8.013912e-06,0.00041381363,0.9991473,surprise,surprise
0.0009785112,0.0036341297,0.9949803,0.00019840301,2.714822e-05,0.00018148602,happy,happy
0.33660716,0.001709836,0.38614997,0.0020197453,0.0011295065,0.27238384,happy,happy
0.07555744,0.0011418387,0.10785696,0.81281096,0.0024223935,0.00021046249,neutral,neutral
0.00017370003,0.2502746,0.005494513,0.001297568,0.74244654,0.00031301865,sad,sad
0.0001003872,0.0018213043,0.9976761,0.00020568554,0.00012321393,7.3366784e-05,happy,happy
0.8589618,0.117303506,0.0010805626,0.0069979797,0.0053089983,0.010347144,angry,fear
9.45611e-05,0.9914863,0.0047286614,0.00023948897,0.00092619035,0.0025247613,fear,sad
3.8930335e-05,0.9991986,0.00048660027,3.0882253e-05,0.000110443725,0.0001345859,fear,fear
0.009053728,0.00029936156,0.0013033072,0.9774414,0.011532174,0.00037017264,neutral,angry
0.52954245,0.0011423667,0.1535754,0.013204274,0.0021796534,0.30035585,angry,angry
0.73552275,0.00044285267,0.10992318,0.15251403,0.00046690175,0.0011302844,angry,happy
0.00012883898,0.00018666433,0.0010224859,2.2310101e-05,0.00020993939,0.9984297,surprise,surprise
0.5014992,0.00074794807,0.4559865,0.04047154,0.0003734259,0.00092139444,angry,happy
4.6256097e-05,0.9994529,0.0001774199,2.251637e-05,8.068083e-05,0.00022023944,fear,fear
0.0001209821,0.00032310296,0.99816006,5.9868325e-05,0.0007959748,0.00053997495,happy,surprise
0.22143152,0.06487906,0.02340088,0.00097218086,0.013367746,0.6759487,surprise,surprise
0.00042102576,0.017525852,0.00058413926,0.05539825,0.9252088,0.00086194905,sad,neutral
0.084693074,0.0043047047,0.90765494,0.0020682118,0.00064565154,0.00063334825,happy,happy
0.0016046261,0.30417404,0.00063640624,0.0010030506,0.6843689,0.008212956,sad,sad
1.0542066e-05,0.00040206593,4.7403235e-05,0.00013503022,0.999374,3.092407e-05,sad,sad
5.9781636e-05,3.229255e-05,0.00051408197,2.8380638e-05,0.00018771389,0.99917775,surprise,surprise
0.00027339184,0.9826257,0.0032504997,7.6373486e-05,0.013007152,0.000766874,fear,happy
0.30277124,0.062810555,0.596273,0.0031844806,0.0048226076,0.03013799,happy,sad
0.9584271,0.0017603248,0.0013800125,0.0008230205,0.00013567723,0.037473816,angry,angry
0.00040267306,0.91617996,0.061897583,7.472238e-05,0.0018514696,0.019593494,fear,fear
0.00042704667,0.00044874116,0.002912386,0.07283948,0.92273635,0.00063602405,sad,sad
0.53239924,0.034268342,0.39081538,0.037927512,0.00018611645,0.0044033597,angry,happy
0.99805826,0.0015891807,0.00019265781,0.00010385351,1.2861375e-05,4.3157826e-05,angry,angry
0.024707932,0.0010848984,0.0004528405,0.00025169205,0.0005198528,0.97298276,surprise,angry
0.9968947,0.0028010777,5.331664e-05,7.4645584e-05,2.6896743e-05,0.00014929111,angry,angry
0.00022412793,0.9598902,0.00082972436,0.00029341836,0.03853523,0.00022732442,fear,fear
0.00036297517,0.902063,0.0011391172,0.00018763295,0.09590102,0.00034623727,fear,happy
0.00193279,0.9549031,0.03189648,0.0022712052,0.008411425,0.0005849959,fear,fear
0.000492188,0.0010166148,0.0006380512,5.9506154e-05,0.00016706622,0.9976266,surprise,surprise
9.2579096e-05,8.4358646e-05,0.0006479624,0.00017570285,0.00031670975,0.9986827,surprise,surprise
0.0013655692,0.0022070897,0.00032996247,0.00300337,0.9897223,0.003371708,sad,sad
0.98251706,0.0003307291,0.0001479857,0.016307306,0.00027153167,0.00042548665,angry,angry
0.0002163748,0.4659528,0.046396364,0.00031142496,0.058889136,0.42823395,fear,sad
0.79623693,0.06485793,0.12532772,0.00029748562,0.0006942627,0.012585599,angry,angry
0.99965954,0.00020326821,6.9144015e-05,2.715329e-05,7.2624916e-06,3.3629658e-05,angry,angry
0.00024295184,0.0011634422,0.0056777457,0.00044969097,0.9840672,0.008398866,sad,sad
0.0013446083,0.0009564303,0.9967939,0.0004385985,5.933103e-05,0.00040704999,happy,happy
0.0046672244,0.00015514047,0.0034371938,6.938642e-05,0.00036343854,0.9913077,surprise,surprise
0.83953404,0.00042214457,0.007735821,0.1391018,0.0126334205,0.00057285023,angry,neutral
0.001892791,0.00020772913,0.0024683552,0.9694034,0.025519473,0.00050820573,neutral,sad
0.99926203,0.0004659834,0.0001572622,4.607566e-05,9.853599e-06,5.873624e-05,angry,angry
5.898124e-05,0.99485165,0.0005418977,7.086833e-05,0.0020173064,0.002459247,fear,fear
0.001110971,0.0047427244,0.0006559266,0.06833037,0.924835,0.00032502448,sad,sad
0.00028618844,0.01061589,0.988362,0.00012945788,7.8835015e-05,0.0005275566,happy,happy
0.011460541,0.0011173586,0.35099277,0.0011598659,0.0009182783,0.6343512,surprise,angry
0.0010431134,0.0019860307,0.0017514268,0.99109006,0.0019306187,0.00219878,neutral,neutral
0.99973243,0.00017786889,3.2094493e-05,2.2865786e-05,8.610537e-06,2.6184794e-05,angry,angry
0.013684408,0.00038077842,0.008713773,0.9543723,0.021427296,0.0014215236,neutral,happy
0.99926406,0.0006028681,4.609817e-05,3.6125217e-05,1.04152605e-05,4.0458865e-05,angry,angry
0.0004936199,0.5380753,0.4230542,0.0010635734,0.0098154005,0.027497975,fear,fear
0.0017953648,0.75298166,0.004497331,0.017239772,0.22324854,0.00023734382,fear,sad
3.585352e-05,9.971581e-05,7.7627876e-05,2.5015761e-05,0.0004290485,0.9993326,surprise,surprise
0.0011672954,0.693966,0.00051475817,7.493141e-05,0.29374442,0.010532514,fear,fear
0.0012922579,0.99484825,0.00046424314,6.50605e-05,0.0007807111,0.0025494064,fear,fear
0.00060643995,0.15825094,0.009614433,0.004085187,0.826845,0.0005980444,sad,neutral
0.004779897,0.17366177,0.010148726,0.008818851,0.8019638,0.0006269957,sad,sad
9.3550036e-05,0.023235109,9.682461e-05,0.0040887347,0.97200984,0.0004760578,sad,fear
0.0011926561,0.00011566512,7.3609415e-05,4.708927e-05,0.0003496687,0.99822134,surprise,surprise
0.00022313515,0.28712437,0.013635646,0.0018932911,0.6966235,0.0004999871,sad,sad
0.005810846,0.0014567266,0.9640177,0.026206784,0.00089408027,0.0016139809,happy,happy
0.0101749655,0.015650809,0.06361549,0.1728959,0.7368025,0.0008603454,sad,happy
0.98052365,0.0004467483,0.0016930734,0.016356023,0.0001492221,0.0008312133,angry,angry
0.0030049647,0.000821239,0.0005615529,0.4250579,0.5690323,0.0015220507,sad,neutral
0.03542806,0.079363026,0.5043498,0.0016590211,0.11331355,0.26588646,happy,surprise
0.00013137412,0.000984394,0.99853194,5.933627e-05,2.2193162e-05,0.00027069132,happy,happy
0.0009720746,0.7133631,0.23105223,0.00056979095,0.020265397,0.033777338,fear,fear
0.00010817855,4.984019e-05,0.000113623,2.003273e-05,0.00013757471,0.99957067,surprise,surprise
0.00036838528,0.006616498,0.14591852,0.0021840797,0.8443517,0.00056081807,sad,sad
0.0041016443,0.0020262916,0.011533351,0.97138387,0.010856575,9.813711e-05,neutral,neutral
0.0063878857,0.14374492,0.65179956,0.00038544735,0.0016376653,0.19604458,happy,happy
0.018169405,0.002079597,0.29172245,0.06530401,0.0005486553,0.62217593,surprise,surprise
0.00040130294,0.9972397,0.0020411909,5.5935645e-05,9.153498e-05,0.00017026243,fear,fear
0.007432649,0.0009436269,0.9910671,0.00023274301,0.00010774348,0.00021613909,happy,happy
0.00032455017,0.50604326,0.008337154,8.2758124e-05,0.025643777,0.45956847,fear,fear
1.5255959e-05,0.0010960678,0.00037355922,0.0004122434,0.998035,6.780138e-05,sad,sad
1.6656319e-05,0.0043715937,0.0002927464,6.623616e-05,0.99519074,6.200229e-05,sad,sad
0.00032511077,0.0027955829,0.0005489201,0.00868534,0.98750335,0.00014169796,sad,sad
0.00091645523,0.000115201976,0.00017593463,0.9977301,0.00083073665,0.00023163453,neutral,neutral
3.329793e-05,0.0062264334,3.873406e-05,0.00012444421,0.99352396,5.3229225e-05,sad,sad
0.00047248192,0.6071708,0.08811174,0.0015774086,0.30012035,0.0025472657,fear,sad
3.60064e-05,0.0008650566,1.6743894e-05,0.0002798471,0.99873585,6.651961e-05,sad,sad
4.6581306e-05,0.987199,0.0017819991,0.0002763848,0.010180567,0.00051545515,fear,fear
0.0012168544,0.0026119845,0.991012,0.0011123862,0.0037598845,0.00028688624,happy,happy
0.12582017,0.0007807274,0.7348276,0.12282434,0.00960821,0.006138886,happy,happy
0.00018581677,0.00020559099,0.00014720458,0.0034690672,0.9958556,0.00013665057,sad,sad
0.0001315852,0.0028554525,0.99602425,8.949342e-05,9.5944415e-05,0.00080322433,happy,happy
0.0009323988,0.41439858,0.017535143,0.0001481426,0.008513936,0.5584718,surprise,fear
6.0867776e-05,0.0002019174,3.3879085e-05,0.0021768278,0.9972481,0.00027844464,sad,sad
0.049964733,0.042773552,0.8981383,0.0005031106,0.0005563071,0.008064072,happy,happy
0.00033044195,0.00043512395,0.9988438,0.00013870891,0.0001539197,9.809041e-05,happy,happy
4.805893e-05,0.00012426215,1.1330053e-05,0.00025660353,0.99885833,0.0007014852,sad,sad
0.5188797,0.116817586,0.0081543,0.05039424,0.005759167,0.29999498,angry,angry
0.00024410595,0.00054164865,7.181268e-05,0.0026116306,0.9964359,9.490617e-05,sad,sad
0.0004076651,0.032127593,0.88544625,0.010488419,0.028546553,0.04298354,happy,surprise
0.5271848,0.10928036,0.34280816,0.01590589,0.0018269023,0.0029938985,angry,happy
0.999603,0.0002682748,4.2425425e-05,2.6644855e-05,1.1948829e-05,4.779422e-05,angry,angry
0.07955772,0.0056686364,0.0003874351,0.49242103,0.42096496,0.0010001516,neutral,neutral
0.0028781858,0.00020840713,0.00022429574,0.9444515,0.051835664,0.00040201188,neutral,neutral
0.99923944,7.0485796e-05,0.00040137128,0.00017483442,2.4856103e-05,8.8964494e-05,angry,angry
0.9993513,0.0005130533,5.406846e-05,2.256455e-05,7.5103458e-06,5.1456373e-05,angry,angry
0.00019934536,0.0018860459,0.0038821707,0.013656701,0.98022604,0.00014974183,sad,sad
3.3102606e-05,6.594758e-05,0.00019174852,6.500544e-05,0.0024047487,0.9972395,surprise,surprise
0.99952495,0.0003393667,4.148666e-05,5.078294e-05,9.900006e-06,3.3580454e-05,angry,angry
0.08418134,0.034053717,0.87915486,0.0020641922,0.00023341483,0.0003124818,happy,angry
0.0055170283,0.08584607,0.005944593,0.88167876,0.020626696,0.00038695429,neutral,neutral
3.255961e-05,0.00027743078,2.128411e-05,0.00019292798,0.99944454,3.120828e-05,sad,sad
0.00010058407,0.0005048543,0.99656665,8.5301115e-05,5.6242043e-05,0.0026862992,happy,happy
0.99841905,0.0012712578,8.822486e-05,4.9537302e-05,2.3988143e-05,0.00014800012,angry,angry
0.002299309,0.17731418,0.17753051,0.0002920936,0.0029598223,0.63960403,surprise,surprise
0.99965763,0.0002417648,2.9913374e-05,2.575752e-05,8.342472e-06,3.6604175e-05,angry,angry
0.00043298118,0.00048459094,0.00019934568,0.9841993,0.014547658,0.00013615355,neutral,neutral
0.9957896,0.00016233299,0.003549077,0.00020077017,2.7346969e-05,0.00027087293,angry,angry
8.455398e-05,0.0016998384,0.00039858758,0.013537013,0.98411626,0.00016375593,sad,neutral
0.35497525,0.0010775262,0.011782531,0.001808588,0.00042858682,0.6299275,surprise,angry
0.0009399979,0.76452893,0.23145922,0.001158271,0.0014615459,0.00045200888,fear,fear
0.0006960944,0.9820939,0.0020505334,0.00023184046,0.0060709626,0.008856733,fear,fear
0.0006441891,0.00030506044,0.0015754611,0.8934128,0.10353368,0.0005287783,neutral,neutral
0.00014926883,0.21470498,0.00059286744,0.0003719699,0.783365,0.0008159044,sad,fear
0.021601228,0.3092638,0.58458513,0.015087008,0.06489187,0.0045709666,happy,fear
9.4795345e-05,5.41577e-05,0.00059199706,3.5708017e-05,0.00021375933,0.9990095,surprise,surprise
0.030472891,0.00054092455,0.00037335898,0.00057354884,0.00016317115,0.9678762,surprise,surprise
0.025311999,0.0002734292,0.9685365,0.005436384,0.00012770934,0.00031400638,happy,happy
0.00017573386,0.0019488673,0.0013871273,0.9950169,0.0013341062,0.00013736982,neutral,neutral
0.00067978044,0.4090349,0.5873841,0.00019457508,0.00043541478,0.0022712192,happy,surprise
0.99963224,0.00027561246,3.4644287e-05,2.441925e-05,7.8200155e-06,2.5176147e-05,angry,angry
0.00021808497,0.0070516043,0.0048007118,0.9846674,0.0029640538,0.00029825288,neutral,sad
0.00055017136,0.0004244595,0.002044239,0.010892054,0.9857772,0.00031183008,sad,happy
8.283443e-05,0.017743228,0.92264867,0.00738341,0.050415386,0.001726538,happy,sad
4.2436943e-05,0.0010619474,0.00021355198,0.00018021953,0.99847835,2.343671e-05,sad,sad
0.9766708,0.0005974287,0.0016115584,0.00087744585,0.00045794476,0.019784704,angry,angry
1.7397206e-05,0.0002026123,7.128434e-05,0.00014718964,0.9995203,4.1172138e-05,sad,sad
0.00033721578,0.0016499766,0.9977054,0.0001880428,1.5443708e-05,0.00010392635,happy,happy
0.03722962,0.9549463,0.006992008,0.00026822768,0.00011818897,0.00044581873,fear,fear
0.9685761,0.028272318,0.0020699264,0.0006146304,8.701192e-05,0.00038005912,angry,angry
0.004024082,0.09996863,0.0019730802,0.8840165,0.0052247653,0.004792912,neutral,neutral
0.0578271,0.1036161,0.82604843,0.006526889,0.0001339039,0.005847564,happy,fear
0.013069805,0.00070952234,0.9845014,0.00087500544,7.6890814e-05,0.0007674221,happy,happy
0.9708049,0.000584012,0.026324067,0.0017114134,0.00023534796,0.00034025765,angry,angry
0.0013010924,0.004273091,0.9746867,0.00022011244,0.00034287592,0.019175997,happy,happy
0.004374037,0.004908774,0.0050054835,0.003228847,0.9797299,0.0027528768,sad,sad
0.0019995316,8.307908e-05,0.0007871855,0.0001027277,0.0004672274,0.9965603,surprise,surprise
0.0014127521,0.019349571,0.00013957538,0.00040569395,0.9760023,0.0026900808,sad,sad
0.0028813842,8.298647e-05,0.0071808943,0.000704679,0.00012103732,0.98902893,surprise,happy
0.0041185026,0.008977853,0.981011,0.00090466754,0.0007264277,0.00426162,happy,happy
0.9993537,0.00033987177,0.00011522515,0.00016501998,1.1411273e-05,1.4777117e-05,angry,angry
0.00018024376,0.0008238341,0.00018449138,0.004174387,0.9942622,0.00037487078,sad,sad
0.9991381,0.00067775906,3.4290846e-05,2.4769912e-05,8.207308e-06,0.00011684784,angry,angry
0.0043321652,0.0006549689,0.9928382,0.0002907843,0.00043656662,0.0014472578,happy,neutral
0.00036510883,0.022595443,0.18199721,0.0027645295,0.7918233,0.0004544286,sad,sad
0.0009122411,0.000107494474,0.0003241285,5.4199812e-05,0.00024008958,0.9983619,surprise,surprise
0.06111948,0.09605793,0.8234783,0.002767843,0.0004872825,0.016089171,happy,happy
0.00071719213,0.9795664,0.01576621,7.45008e-05,0.0002584555,0.0036173083,fear,fear
0.041819777,0.922133,0.00089789,0.012558026,0.0018698666,0.020721465,fear,fear
0.0018122639,0.00026611282,0.99421185,0.00082629925,3.5703903e-05,0.002847768,happy,happy
0.0006151331,0.23975466,0.00045413856,0.00077870087,0.7581135,0.00028389657,sad,sad
0.0014311882,0.000867041,0.00020973792,0.000590212,0.99600285,0.0008989382,sad,sad
0.16581307,0.22557501,0.0014194443,0.0010003763,0.011607628,0.5945844,surprise,angry
0.004713889,0.000954548,0.96841663,0.0002821675,0.000110808636,0.025521824,happy,happy
0.0007740936,0.0005635444,0.00014552557,0.0067595383,0.9914637,0.0002935946,sad,sad
0.00015483343,0.02603303,0.009814944,0.00051024766,0.9622431,0.0012439371,sad,surprise
9.530443e-05,0.9988943,0.0003398881,5.7278525e-05,0.00043879458,0.00017446943,fear,fear
0.07562469,0.021667745,0.8964422,0.0031953037,0.00039626483,0.0026737945,happy,happy
0.0026188646,0.9962824,0.00047908828,0.00015395033,0.00015934322,0.0003064098,fear,fear
0.0015665869,0.0014837063,0.9959543,0.00038475057,0.0002910076,0.0003196709,happy,happy
0.011559874,0.00031506066,0.00025139126,0.98683304,0.0008238534,0.00021676118,neutral,neutral
0.9997162,0.00012387904,7.9613914e-05,4.5753626e-05,1.1656091e-05,2.2882517e-05,angry,angry
0.0005223473,7.939833e-05,0.0044749733,7.249916e-05,0.00044251798,0.99440825,surprise,happy
0.003099928,0.00027887206,0.013984822,0.014982647,0.00064396,0.9670098,surprise,surprise
0.00818757,0.0025845133,0.9802422,0.0071107578,0.0017193509,0.00015552259,happy,happy
2.4179442e-05,0.00049940904,8.859106e-06,0.00012317923,0.99931073,3.356407e-05,sad,sad
0.049970556,0.0027498398,0.9459713,0.0009847864,0.00011047465,0.00021299867,happy,happy
0.9995511,0.00026046403,9.899638e-05,3.936253e-05,7.684209e-06,4.2327527e-05,angry,angry
0.83994627,0.1507006,0.0075996337,0.001396054,7.689593e-05,0.00028058293,angry,angry
7.744876e-05,0.00038595893,0.00033771334,1.7059197e-05,0.00021251815,0.9989693,surprise,surprise
0.048436068,0.0008914078,0.4903253,0.02606564,0.000999934,0.43328166,happy,neutral
0.018498136,0.00011566804,0.0031739322,0.9734562,0.0016594719,0.003096524,neutral,neutral
1.710053e-05,0.0008318629,7.517183e-05,0.0001963571,0.99883646,4.3047756e-05,sad,fear
0.016049134,0.010275507,0.12775628,0.000310321,0.0007811236,0.84482765,surprise,surprise
0.2801555,0.025362087,0.6906772,0.0019273511,6.664169e-05,0.0018111946,happy,happy
5.0838353e-05,0.0018959612,2.2092832e-05,9.174803e-05,0.99711585,0.0008235189,sad,sad
0.07128318,0.00069046323,0.912587,0.014579524,0.00039336062,0.00046647844,happy,happy
8.788207e-05,0.0019698765,0.9964367,6.932698e-05,0.00037879142,0.0010574728,happy,happy
4.8988066e-05,0.0003493445,2.0820225e-05,0.0007844294,0.99840397,0.00039241053,sad,sad
0.00017498742,0.0007219247,0.012322164,0.0046508634,0.17170706,0.81042296,surprise,surprise
8.504479e-05,0.99773574,0.00025504158,5.3982592e-05,0.0015228386,0.00034732855,fear,fear
0.001365534,4.1389187e-05,8.4383384e-05,0.99604934,0.002384638,7.466178e-05,neutral,neutral
8.83937e-05,0.9970611,0.00035769452,0.00020940563,0.0018487183,0.0004347182,fear,fear
0.99861026,0.00045217425,0.00030312093,0.00052162656,3.8203412e-05,7.468282e-05,angry,angry
0.0015856593,0.00061668636,0.0066140853,0.000106275824,0.00079310767,0.99028426,surprise,surprise
0.0001732896,0.002616631,0.996241,0.00016528032,5.1734496e-05,0.0007521061,happy,happy
4.513385e-05,0.99919957,0.00044913922,1.754783e-05,0.00011162609,0.00017695592,fear,fear
0.0001031202,0.99596334,0.00017726692,6.1826555e-05,0.00082867744,0.0028656877,fear,fear
0.9980883,0.00038734183,0.0009288201,0.00029423757,2.9556853e-05,0.0002718555,angry,angry
0.0025904474,0.35036817,0.039292682,0.16588354,0.3879336,0.053931594,sad,sad
0.0002864038,0.00049646455,0.99891233,0.00020015823,3.0075706e-05,7.461371e-05,happy,happy
8.0181526e-05,5.7597914e-05,0.00020992068,2.2111955e-05,0.00016443568,0.99946576,surprise,surprise
0.00016557798,0.00025448194,0.0003499764,0.050665036,0.94695944,0.0016055102,sad,sad
0.00032965565,0.00014828591,0.00027237588,0.998716,0.00048808838,4.553538e-05,neutral,neutral
8.527394e-06,0.0006734354,2.4274408e-05,5.9722923e-05,0.9992137,2.0426407e-05,sad,sad
0.000888507,9.1759415e-05,0.0005373728,0.99811304,0.00033940288,2.9904348e-05,neutral,neutral
0.5169427,0.2528404,0.050011296,0.0035140284,0.0024453446,0.17424622,angry,angry
0.99791425,0.0005619998,0.0012595265,0.00011341826,1.8117298e-05,0.00013264656,angry,angry
0.0015781911,0.0005241574,0.0017610292,0.862447,0.13333197,0.00035769292,neutral,sad
0.00063177233,0.0002788474,0.9985239,7.904542e-05,8.036229e-05,0.00040597178,happy,happy
9.575087e-05,0.9993912,0.00028829096,3.483705e-05,6.694453e-05,0.00012292697,fear,fear
0.99968827,0.00012698845,7.8951474e-05,5.5384317e-05,1.6229784e-05,3.4351702e-05,angry,angry
0.00023419724,0.98344964,0.00076119305,0.00025998388,0.0017508742,0.013544096,fear,fear
8.344641e-05,0.00021935168,5.1125582e-05,2.6082998e-05,0.00032927707,0.9992907,surprise,surprise
7.5768075e-05,0.0012526582,3.1550786e-05,0.00019397626,0.9982368,0.00020925187,sad,sad
0.001257075,0.99762505,0.0004680936,9.8379685e-05,0.00017575313,0.00037572838,fear,fear
0.99966466,0.00010766133,0.00013066764,5.3126023e-05,1.5989568e-05,2.7944607e-05,angry,angry
0.9996747,0.00020761856,4.1208783e-05,1.9873689e-05,6.9567486e-06,4.9705293e-05,angry,angry
0.0036047269,0.0009756251,0.00027438867,0.8623458,0.13237889,0.0004204371,neutral,neutral
0.012080362,0.016398985,0.74173695,0.035615265,0.19261576,0.0015526209,happy,happy
0.0030683763,0.0003739743,0.0021022316,9.881535e-05,0.00074854476,0.993608,surprise,happy
1.761155e-05,0.0020453143,3.6200057e-05,8.015311e-05,0.99778146,3.9264934e-05,sad,sad
0.058158997,0.016364308,0.92266184,0.0019278538,0.00036299272,0.00052393123,happy,happy
1.7785344e-05,0.00074045407,2.0979931e-05,0.00034541468,0.99881315,6.22845e-05,sad,sad
8.076476e-05,0.0069113127,4.9139308e-05,0.00083207927,0.99088216,0.0012445733,sad,sad
0.9997367,9.721509e-05,8.711928e-05,4.2833522e-05,1.3529436e-05,2.257138e-05,angry,angry
0.0010754159,6.888308e-05,8.6158645e-05,0.99813,0.00051649037,0.00012305939,neutral,neutral
0.9994505,0.00031732372,9.9888246e-05,2.9928575e-05,8.511669e-06,9.3832925e-05,angry,angry
0.0194696,0.00095903745,0.033245225,0.28171167,0.62831306,0.036301296,sad,surprise
0.00077159377,0.9968549,0.0018207078,6.9714304e-05,0.00019111896,0.00029192062,fear,fear
0.9971852,0.002395217,7.520152e-05,0.00024876132,5.5504883e-05,4.0096234e-05,angry,angry
0.1475297,0.7076352,0.010107158,0.00037082384,0.0016330259,0.1327241,fear,fear
0.00024070992,0.002884983,0.0037968527,4.0166982e-05,0.019403724,0.9736336,surprise,surprise
0.010455409,0.000786435,0.0003793573,0.00029806155,0.00011824498,0.98796254,surprise,angry
0.1260005,0.0013164565,0.0014482237,0.0006159381,0.0012249415,0.8693939,surprise,surprise
0.008844218,0.0006439965,0.98931175,0.0007030645,0.0003600854,0.00013684659,happy,happy
0.0008834467,0.42489016,0.035106916,0.002137767,0.5362069,0.0007747708,sad,fear
0.98757344,0.010309021,0.0014366211,0.0002701355,1.6369248e-05,0.00039435705,angry,angry
4.8206468e-05,0.00019668379,0.9995617,0.00010074628,3.2510427e-05,6.0030146e-05,happy,happy
0.000796126,0.041268654,0.88234675,0.004304414,0.07076347,0.0005206583,happy,happy
0.002667078,0.0005430401,0.0014732039,0.99455875,0.00073800224,1.994257e-05,neutral,neutral
2.5772002e-05,0.0007821325,0.0011034671,0.00012663777,0.9976903,0.00027168985,sad,surprise
0.00018019404,0.00014022476,0.0001425308,6.674184e-05,0.00013024532,0.9993401,surprise,surprise
0.99956053,0.000117036565,0.00019219206,8.3027844e-05,1.1643344e-05,3.552935e-05,angry,angry
0.0009180866,0.0007009641,0.0009140722,3.6989717e-05,0.00015308493,0.9972767,surprise,surprise
0.9979784,0.0017709084,5.214767e-05,7.78572e-05,1.2565515e-05,0.00010817002,angry,angry
0.99953544,0.00034149096,3.6665588e-05,2.0542675e-05,6.096734e-06,5.985199e-05,angry,angry
0.0015770195,0.0015852072,0.00047258657,0.9934923,0.0027908043,8.207265e-05,neutral,happy
0.023379892,0.01421867,0.7844875,0.05327496,0.123250134,0.0013887906,happy,happy
0.0014714209,5.3354517e-05,0.0001243128,0.99524444,0.0030087214,9.769938e-05,neutral,neutral
4.707304e-05,0.00019785367,0.00044960162,2.0598527e-05,0.0003458947,0.998939,surprise,surprise
0.074098095,0.0014321154,0.2262399,0.69426537,0.0036956572,0.00026876008,neutral,neutral
0.0028466964,0.0007228331,0.059112865,0.002875684,0.9318554,0.0025865487,sad,happy
0.00011968361,0.99695647,0.0025238348,3.7694826e-05,9.9283854e-05,0.00026310075,fear,fear
0.00037857422,5.756482e-05,0.00018232646,3.0116636e-05,0.00017890077,0.9991725,surprise,surprise
0.00040077898,0.00029502608,0.00029951546,3.4708057e-05,0.00021879734,0.99875116,surprise,surprise
0.00038713927,0.7494431,0.00019238454,0.00042906718,0.011067762,0.2384805,fear,fear
0.9993462,0.00039493272,8.7887536e-05,3.3707012e-05,1.010762e-05,0.00012715132,angry,angry
0.018178148,0.0050173397,0.6599809,0.27225238,0.043889076,0.00068219187,happy,happy
0.0003910875,0.9035551,0.09375544,0.0002058117,0.0012428213,0.0008496893,fear,happy
2.3429422e-05,0.00066238415,4.4780292e-05,0.00027330176,0.9985934,0.0004027614,sad,sad
0.003114175,0.28906396,0.6446693,0.010151366,0.0414934,0.011507925,happy,surprise
0.9997141,0.00011518022,7.240402e-05,4.047909e-05,1.68807e-05,4.0952065e-05,angry,angry
0.000102811,0.00072219566,0.00037072634,0.026634835,0.9719387,0.0002306729,sad,sad
0.0002846121,0.95557314,0.015662307,0.00040566234,0.004554119,0.023520079,fear,fear
0.004924088,7.650116e-05,0.010286845,0.00040094755,0.00055191363,0.98375976,surprise,happy
0.009447168,0.42295963,0.4443471,0.0946517,0.022860652,0.0057337,happy,angry
4.7408055e-05,0.00047748248,0.00011618282,0.00017123138,0.9986077,0.00058002066,sad,sad
0.0072344583,0.02438379,0.96274036,0.0049670143,0.00043053104,0.00024378627,happy,happy
0.00016842241,0.9978137,0.0004416254,6.0483642e-05,0.0010600055,0.00045572102,fear,fear
0.0012919843,0.00025643318,0.00032441798,0.98881346,0.009215396,9.833478e-05,neutral,neutral
3.7390855e-05,0.0013555742,0.00046783593,0.001093006,0.9969879,5.8321846e-05,sad,sad
0.004327972,0.0040900945,0.008448453,0.36802894,0.47045016,0.14465442,sad,neutral
4.6025114e-05,0.99942315,0.00016972669,2.1827209e-05,9.447821e-05,0.00024478312,fear,fear
0.9995553,0.00016997365,0.00015074549,8.576614e-05,1.0753826e-05,2.7457638e-05,angry,angry
0.000637085,0.0037158215,0.018768365,0.0023949258,0.9723122,0.0021716063,sad,sad
0.050879158,0.0073537766,0.0001467406,0.0037541958,0.93321705,0.0046490664,sad,sad
0.015902942,0.006733633,0.002370283,0.96725947,0.006138719,0.0015948932,neutral,neutral
0.9997032,7.415105e-05,0.00010794946,8.5032036e-05,1.1851209e-05,1.7690712e-05,angry,angry
1.3341828e-05,0.00045352435,1.8795963e-05,8.5663334e-05,0.999405,2.3684626e-05,sad,sad
0.99371743,0.0007399686,0.0028623468,0.00062751677,0.00011424262,0.0019383812,angry,angry
0.0145273395,0.009958728,0.95808786,0.00021738878,0.0006678648,0.016540859,happy,happy
0.00039466764,6.551793e-05,0.00017309384,0.99898356,0.00033938026,4.378468e-05,neutral,neutral
0.99911255,0.0007133267,5.4557855e-05,3.985448e-05,9.588172e-06,7.007612e-05,angry,angry
0.9993299,0.00019306007,0.00027257684,8.302587e-05,2.2877757e-05,9.848994e-05,angry,angry
0.0020918297,0.0013623107,0.9452614,0.00024654207,0.00013727066,0.050900567,happy,happy
0.011806692,0.0018535559,0.01012795,0.00052529766,0.00030683266,0.9753796,surprise,happy
0.99937147,0.0003420569,9.3882074e-05,9.749417e-05,1.1898057e-05,8.315349e-05,angry,angry
0.00020585899,0.0022632442,0.00016901651,0.007946845,0.98930323,0.00011179611,sad,sad
0.0001828534,0.8318874,0.0632643,0.00021019501,0.005458266,0.098996885,fear,happy
0.031240728,0.036524788,0.8284105,0.0009805785,0.00033985852,0.10250358,happy,angry
0.00019417732,0.0001282762,5.539777e-05,8.496155e-06,0.00035462857,0.99925905,surprise,surprise
0.00023221996,0.00037599818,0.9989505,9.663617e-05,4.0299168e-05,0.00030436428,happy,happy
0.0005701408,0.00011673742,0.9986339,0.0004114475,7.599742e-05,0.00019174675,happy,happy
5.5281227e-05,0.9676581,0.011236314,0.00023455825,0.01577656,0.005039189,fear,happy
0.00010473384,0.019862162,6.5237e-05,0.0002059082,0.97950006,0.00026188092,sad,fear
0.0021346125,0.7468692,0.10513466,0.0056146355,0.13855684,0.0016900545,fear,happy
0.011650635,0.00012627241,0.001268009,0.00033481678,0.0011883295,0.98543185,surprise,sad
0.0744058,0.124698915,0.79259056,0.0069625485,0.00021406272,0.0011280791,happy,happy
0.00029487835,0.0002502433,0.00039937333,0.0012062463,0.8807511,0.1170982,sad,surprise
0.00023984195,0.059546795,0.0026068261,0.0023867518,0.9264942,0.008725577,sad,sad
0.013081145,0.00010141555,0.00016068682,0.9859859,0.00047336772,0.00019759069,neutral,neutral
5.287615e-05,0.0038538463,0.00028522,0.00053838704,0.9923644,0.0029053248,sad,sad
0.0012016564,0.9626293,0.00029791967,0.007207773,0.027441252,0.0012221482,fear,fear
0.99958223,0.00028841756,4.174061e-05,3.0595394e-05,1.3003674e-05,4.4102977e-05,angry,angry
0.003094864,0.0005994495,0.029747404,0.00013103493,0.0004324097,0.9659948,surprise,surprise
0.00016032247,0.00124765,0.00036130936,0.99310017,0.0050466596,8.388636e-05,neutral,neutral
0.0011468503,0.99689555,0.00043779044,4.7203313e-05,0.00081570435,0.00065699045,fear,fear
0.0058315173,0.015237497,0.07158256,0.000735302,0.00052421825,0.90608895,surprise,surprise
0.005378248,9.03033e-05,0.009572611,0.98412216,0.00047083525,0.0003658911,neutral,neutral
1.623836e-05,0.00045977454,0.0001830766,0.00074391585,0.9984478,0.0001491359,sad,sad
0.99901557,0.00024848912,0.00036763473,0.00030379917,1.25847055e-05,5.192407e-05,angry,angry
0.9995629,0.000119848286,0.00020164784,6.008005e-05,1.1033957e-05,4.448619e-05,angry,angry
0.9996419,0.00012928914,8.61037e-05,9.7587814e-05,1.5566917e-05,2.9470246e-05,angry,angry
0.020548208,0.0007555727,0.96244067,0.0057617356,0.000321055,0.010172633,happy,happy
0.00019594365,0.0008432082,0.00027751486,0.021888968,0.97589463,0.0008997498,sad,neutral
2.2215278e-05,0.0047627385,2.9693014e-05,0.00012462515,0.9950246,3.601074e-05,sad,sad
3.7982365e-05,0.0010665078,3.162578e-05,0.00051068864,0.99830675,4.6387777e-05,sad,sad
0.006723546,0.00094178156,0.006173966,0.0072752964,0.013815214,0.9650702,surprise,surprise
0.95220435,0.0010947943,0.03644438,0.0095627215,0.0005085729,0.00018522091,angry,angry
0.0002116855,0.9985746,0.00025775158,3.4030207e-05,0.00047963607,0.00044220293,fear,fear
0.00031842594,0.0011255253,0.000107600805,9.9276265e-05,0.9968137,0.0015354749,sad,sad
0.99970007,0.0001770812,5.3473814e-05,2.9921091e-05,9.132225e-06,3.0329622e-05,angry,angry
0.00021260836,0.0002128118,0.99926084,0.00016749189,7.098265e-05,7.518814e-05,happy,happy
0.00049919426,0.009152061,0.0012664417,0.0011456212,0.96838266,0.019554082,sad,sad
0.00021716487,0.97514355,0.021118302,6.245395e-05,0.0026413805,0.0008171502,fear,fear
0.018082678,0.44917077,0.364706,0.049575787,0.11718204,0.0012827138,fear,happy
9.717431e-05,0.0010264836,0.99846375,5.9749284e-05,3.2460164e-05,0.00032041981,happy,happy
0.6101101,0.004483822,0.012791533,0.0011750163,0.0010486483,0.37039083,angry,angry
0.0015151433,0.1050331,0.0029146152,0.10149054,0.7822796,0.006766986,sad,surprise
0.0015070732,0.8479798,0.00037572967,0.0005755214,0.14853996,0.0010218603,fear,sad
0.99976677,9.5741e-05,5.277225e-05,3.6183123e-05,1.4812367e-05,3.3676846e-05,angry,angry
3.2884014e-05,0.002989938,0.00010568917,0.00021399844,0.996608,4.956179e-05,sad,sad
3.806523e-05,0.00012866622,5.8321533e-05,8.160163e-06,0.00030919097,0.99945766,surprise,surprise
0.0017399263,0.0010969006,0.00050922367,0.95234054,0.043483913,0.0008294706,neutral,neutral
5.2300522e-05,0.0022344042,0.00034862178,0.0022531576,0.99486345,0.00024807092,sad,sad
0.00055213185,0.0006754534,0.00037790622,0.99799323,0.0003442403,5.7024245e-05,neutral,neutral
0.99962294,0.00027287295,3.568622e-05,1.5556427e-05,6.1358887e-06,4.688772e-05,angry,angry
0.0005653738,0.956922,0.04184487,0.0002285839,0.00014300965,0.00029619713,fear,fear
0.00029312365,0.9246586,0.00083769724,0.0006635796,0.07107326,0.0024738088,fear,fear
0.00010471433,0.012981673,0.025465995,0.0013110449,0.9308984,0.029238127,sad,surprise
7.949691e-05,0.99892503,0.0006683747,2.9143961e-05,0.00014500933,0.00015296463,fear,fear
0.00093895826,0.26143458,0.15340438,0.007202484,0.56563014,0.011389436,sad,surprise
0.008651492,0.20925663,0.003066795,0.001058463,0.0009123368,0.7770543,surprise,surprise
8.948266e-05,0.99940383,0.0002397294,2.7417738e-05,7.915787e-05,0.00016037276,fear,fear
0.9977003,7.309348e-05,0.0015591148,0.00052591757,2.8090428e-05,0.00011357814,angry,angry
0.0007162171,0.33481258,0.65485126,0.00044728533,0.0017183891,0.0074542724,happy,surprise
0.0002994004,0.9070512,0.0005061895,0.00016045079,0.0913128,0.0006700443,fear,sad
3.1023337e-05,0.00057350285,0.0025178262,6.047429e-05,0.00038061317,0.9964366,surprise,surprise
0.00026752538,0.0016874666,0.013513584,0.3011288,0.6817491,0.0016535423,sad,neutral
1.2608927e-05,0.00048095302,2.8375633e-05,0.00010536283,0.99933594,3.6683243e-05,sad,sad
7.5205e-06,0.0005977023,4.782307e-05,7.885518e-05,0.9992472,2.1014204e-05,sad,sad
0.0014640077,0.0015796046,0.0007056655,3.181484e-05,0.007769535,0.9884494,surprise,surprise
0.0013431819,0.00068404584,0.0011932235,0.9944208,0.0012754796,0.0010832724,neutral,sad
0.00045159808,0.79421073,0.0009010029,0.00031992287,0.009702526,0.19441424,fear,fear
0.30318692,0.24704376,0.38619596,0.0061294315,0.048733942,0.008709983,happy,surprise
0.9996055,0.000109837114,0.00015169018,6.8427435e-05,1.16819965e-05,5.290008e-05,angry,angry
0.0004484179,0.9810011,0.015907858,5.0752373e-05,0.0010550014,0.0015368732,fear,fear
0.9997079,0.00019005926,4.365755e-05,2.232482e-05,7.5598214e-06,2.8500774e-05,angry,angry
0.040542994,0.0006125794,0.95530146,0.00072798313,0.00024261625,0.0025722636,happy,angry
2.7544254e-05,0.0029448578,0.00030436055,9.948245e-05,0.99645114,0.00017254871,sad,sad
0.0004249423,6.899139e-05,0.000109961366,0.9978154,0.0014047859,0.00017594901,neutral,neutral
0.00036181003,9.776587e-05,5.5229135e-05,0.9977223,0.0017205318,4.240748e-05,neutral,neutral
1.7464185e-05,0.0007321088,2.5805026e-05,0.00013418027,0.99902594,6.4561464e-05,sad,sad
0.10574417,0.023274224,0.85658437,0.011582724,0.0020935114,0.00072102505,happy,happy
0.9995684,0.00017863861,0.00015315325,5.4255273e-05,7.5606413e-06,3.8039143e-05,angry,angry
0.0025642964,0.00035444656,0.0040750997,0.06279064,0.92994666,0.00026880324,sad,happy
6.282812e-05,0.0005735804,2.2876317e-05,0.0017557595,0.99704903,0.0005359799,sad,sad
0.0007578991,7.75354e-05,0.00024170328,8.9849185e-05,0.00024528537,0.9985877,surprise,surprise
0.0017541931,0.4901934,0.21381938,0.0003684836,0.122348934,0.17151558,fear,happy
1.0614158e-05,0.0014664487,0.00013675584,0.00011145603,0.99823123,4.3538843e-05,sad,sad
2.9637466e-05,7.829243e-05,0.000106267515,0.0019679018,0.9952396,0.0025782748,sad,sad
0.00040336355,0.0016117217,0.0002662424,0.023659866,0.9738052,0.0002536015,sad,sad
0.036957983,0.0037946233,0.9208641,0.016199127,0.004436442,0.017747698,happy,happy
4.7453508e-05,0.0001617205,0.0014573415,2.3898974e-05,0.00042946215,0.9978802,surprise,surprise
0.00022929351,0.0038289896,0.00039918377,0.008363761,0.9870034,0.0001754102,sad,sad
0.0034198312,0.4278978,0.20969225,0.007095461,0.16235518,0.18953948,fear,fear
0.42353797,0.025807448,0.0058611156,0.0025999688,0.53861,0.0035836035,sad,angry
0.0001900636,0.9523408,0.045878217,0.000251912,0.0009617273,0.0003773012,fear,fear
0.00052962377,0.00022485346,0.99718577,0.000115716386,8.49011e-05,0.0018591527,happy,happy
0.006985927,0.0012910205,0.30563876,0.47459924,0.21076342,0.0007216894,neutral,happy
1.6537437e-05,0.0006825523,0.0006238229,0.00021078916,0.99841714,4.9182465e-05,sad,sad
0.0010458331,0.4750329,0.013145284,0.22827545,0.28057855,0.0019220099,fear,neutral
